<?xml version="1.0" encoding="UTF-8"?>
<!DOCTYPE hibernate-mapping PUBLIC 
    "-//Hibernate/Hibernate Mapping DTD 3.0//EN"
    "http://www.hibernate.org/dtd/hibernate-mapping-3.0.dtd">
    
<hibernate-mapping>
	<class name="edu.ustc.nfms.entity.FileBean" table="file">
		<id name="fileId" column="FileId">
			<generator class="native"/>
		</id>
		<property name="filesFileName" column="name"/>
		<property name="filesContentType" column="FileType"/>
		<property name="filePath" column="FilePath"/>
		<property name="fileSize" column="FileSize"/>
		<property name="fileOwner" column="FileOwner"/>
		<property name="uploadTime" column="UploadTime"/>
		<property name="IsOpen" column="IsOpen"/>
	
	
	</class>
</hibernate-mapping>