<?xml version="1.0" encoding="UTF-8"?>
<!DOCTYPE hibernate-mapping PUBLIC 
    "-//Hibernate/Hibernate Mapping DTD 3.0//EN"
    "http://www.hibernate.org/dtd/hibernate-mapping-3.0.dtd">
    
<hibernate-mapping>
	<class name="edu.ustc.nfms.entity.User" table="user">
		<id name="userid">
			<generator class="native"/>
		</id>
		<version name="ver" column="version"></version>
		<property name="username"/>
		<property name="password"/>
		<property name="IsAdmin"/>
		<property name="email"/>
		<property name="totalStorage"/>
		<property name="available"/>
		
	</class>
</hibernate-mapping>
