<?xml version="1.0" encoding="UTF-8" ?>
<!DOCTYPE struts PUBLIC
	"-//Apache Software Foundation//DTD Struts Configuration 2.3//EN"
	"http://struts.apache.org/dtds/struts-2.3.dtd">

<struts>
    <constant name="struts.enable.DynamicMethodInvocation" value="false" />
    <constant name="struts.devMode" value="false" />  
 <!-- User Action -->
    <package name="user" namespace="" extends="struts-default">
    	
    	<action name="logout" class="UserAction" method="logout">
    		<result name="logout" type="redirect">/Login.jsp</result>
    	</action>
    	<action name="findByUsernameAction" class="UserAction" method="findByUsername">
    		<result name="regist">/RegisterPage.jsp</result>
    		<result name="input">/RegisterPage.jsp</result>
    	</action>
    	<action name="userRegistAction" class="UserAction" method="regist">
    		<result name="regist">/Login.jsp</result>
    		<result name="input">/RegisterPage.jsp</result>
    	</action>
    	<action name="LoginAction" class="UserAction" method="Login">
    		<result name="login">/Login.jsp</result>
    		<result name="success">/HomePage.jsp</result>
    		<result name="input">/Login.jsp</result>
    		<result name="admin">/AdminPage.jsp</result>
    	</action>
    	<action name="GetAllUsersAction" class="UserAction" method="ggetAllUsers">
    		<result name="users">/Users.jsp</result>
    	</action>
    	<action name="DeleteUserAction" class="UserAction" method="deleteUserById">
    		<result name="deletefinish" type="redirectAction" >GetAllUsersAction</result>
    	</action>
    	<action name="userUpdateAction" class="UserAction" method="updateUser">
    		<result name="updatefinish">/HomePage.jsp</result>
    	</action>
	</package>
	<!-- File Action -->
	 <constant name="struts.custom.i18n.resources" value="fileupload"></constant>
	 <constant name="struts.multipart.maxSize" value="10485760000"></constant>
	 <package name="files" namespace="" extends="struts-default">
	 	<action name="uploadSingleFile" class="edu.ustc.nfms.action.FileUploadAction" method="execute">
			 <interceptor-ref name="defaultStack">
			 	<param name="fileUpload.allowedExtensions">.jpg,.bmp,.png,.ape,.rmvb,.avi,.doc,.ppt,.mp3,.mp4</param>
			 </interceptor-ref>
			<result name="success">/success.jsp</result>
			<result name="input">/AllFile.jsp</result>
		</action>
		<action name="GetAllFilesAction" class="FileAction" method="ggetAllFiles">
    		<result name="files">/Files.jsp</result>
    	</action>
    	<action name="GetMusicsAction" class="FileAction" method="getMusics">
    		<result name="files">/Files.jsp</result>
    	</action>
    	<action name="GetVideoAction" class="FileAction" method="getVideo">
    		<result name="files">/Files.jsp</result>
    	</action>
    	<action name="GetPicturesAction" class="FileAction" method="getPictures">
    		<result name="files">/Files.jsp</result>
    	</action>
    	<action name="GetMyFilesAction" class="UserAction" method="getMyFiles">
    		<result name="files">/Files.jsp</result>
    	</action>
    	<action name="OpenFilesAction"  class="FileAction" method="OpenFiles">
    		<result name="files">/files.jsp</result>
    	</action>
    	<action name="GetCommonFilesAction" class="FileAction" method="getCommonFiles">
    		<result name="files">/Files.jsp</result>
    	</action>
    	<action name="DeleteFileAction" class="FileAction" method="deleteFileById">
    		<result name="deletefinish">/Files.jsp</result>
    	</action>
    	<action name="FileDownloadAction" class="edu.ustc.nfms.action.FileDownloadAction" method="download">  
	    	<result type="stream">
				<!-- 指定动作类中的输入流的属性名 -->
				<param name="inputName">inputStream</param>
				<!-- 通知浏览器以下载的方式打开  获取文件名是OGNL表达式，就是调用动作类中的getFileName方法 -->
				<param name="contentDisposition">attachment;filename=${fileName}</param>
				<!-- MIME类型 -->
				<param name="contentType">application/octet-stream</param>
			</result>
		</action>   
		<action name="DownloadFileAction" class="FileAction" method="downloadFile">
    		<result name="downloadfinish">/Files.jsp</result>
    	</action>
    	<action name="searchfileAction" class="SearchAction" method="searchfile">
    		<result name="files">/searchfile.jsp</result>
    	</action>
    	<action name="PreviewFileAction" class="FileAction" method="previewFile">
    		<result name="video">/Video.jsp</result>
    		<result name="audio">/Audio.jsp</result>
    		<result name="image">/Image.jsp</result>
    		<result name="error">/error.jsp</result>
    	</action>
	 </package>
	
</struts>
